{
    "overview": {
        "total_students": 100000,
        "depression_count": 10062,
        "depression_rate": 10.06
    },
    "department_analysis": {
        "Business": 10.18583626318433,
        "Arts": 10.15101510151015,
        "Engineering": 10.071296804108291,
        "Medical": 9.952915247445402,
        "Science": 9.949678640825072
    },
    "gender_analysis": {
        "Female": 9.925821972734562,
        "Male": 10.197525937749402
    },
    "sleep_analysis": {
        "<4h": 25.06908803789972,
        "4-6h": 11.106461332440576,
        "6-8h": 9.257085020242915,
        "8-10h": 9.132523567802755,
        ">10h": 8.780256288561937
    },
    "profiles": {
        "Sleep_Duration": {
            "false": 7.025262958927261,
            "true": 6.738660306102166
        },
        "Study_Hours": {
            "false": 4.520047143587805,
            "true": 4.415394553766647
        },
        "Social_Media_Hours": {
            "false": 3.494947630589962,
            "true": 3.577837408069966
        },
        "Physical_Activity": {
            "false": 74.55530476550513,
            "true": 72.54651162790698
        },
        "Stress_Level": {
            "false": 4.095521359158531,
            "true": 4.454680977936792
        },
        "CGPA": {
            "false": 2.9301766772665614,
            "true": 2.6135301132975552
        }
    },
    "stress_analysis": {
        "2": {
            "false": 91.14855419027298,
            "true": 8.851445809727025
        },
        "3": {
            "false": 90.90708550251479,
            "true": 9.09291449748522
        },
        "4": {
            "false": 90.60276086770128,
            "true": 9.397239132298722
        },
        "5": {
            "false": 90.54026503567788,
            "true": 9.459734964322122
        },
        "6": {
            "false": 89.89959667038531,
            "true": 10.100403329614691
        },
        "7": {
            "false": 87.76053215077604,
            "true": 12.239467849223946
        },
        "8": {
            "false": 58.23373173970784,
            "true": 41.766268260292165
        },
        "9": {
            "false": 57.80590717299579,
            "true": 42.19409282700422
        },
        "10": {
            "false": 0.0,
            "true": 100.0
        }
    }
}